African wattle,///targets.shivers.barrels,,
Alder,///saints.chaos.pill,,
Alder,///forgives.decompose.upstarts,Old mill Adler,
Alder,///detective.jogging.lotteries,,
Alder,///pounding.submerged.reverses,,
Alder,///await.stag.thuds,Grey Alder,
Alder,///udder.fidelity.neat,Grey alder,
Alder,///incline.unframed.cards,,
American Elm,///richest.survived.grunt,,
American linden,///stubble.quietly.quote,,
Apple,///prosper.mingles.hurricane,,
Apple,///purifier.manicured.claw,Newton’s Apple,
Apple,///cheaper.relations.limelight,Crab Apple,
Apple,///frog.funded.cabs,,
Apple,///toned.bounding.apes,,
Apple,///verse.melts.flocking,,
Apple,///crumble.showrooms.built,,
Apple,///giants.fussed.joked,,
Ash,///pools.guardian.obligated,,
Ash,///newly.scorched.fiery,,
Ash,///winner.emulating.fight,,
Ash,///minority.hosts.minimums,,
Ash,///workflow.embodied.hang,,
Ash,///metals.prepped.simulations,,
Ash,///vague.stay.imparting,,
Ash,///radiates.showering.glorified,,
Ash,///upstairs.taskbar.relay,,
Ash,///hazy.jump.impaled,,
Ash,///tipping.skill.defrost,,
Ash,///farm.washed.accent,,
Ash,///porridge.overture.blinking,,
Beech,///fortnight.blunt.missions,,
Beech,///radar.regularly.protrude,,
Beech,///crunchy.protect.obliging,,
Beech,///mailers.vase.surpasses,Twin beech,
Beech,///optimally.materials.picture,,
Beech,///following.lays.addicted,,
Beech,///fewer.lamplight.space,,
Beech,///isolated.balanced.endlessly,,
Beech,///scar.flown.grace,,
Beech,///brink.silk.lanes,,
Beech,///transmit.lifetimes.dignitary,,
Beech,///round.improvise.segmented,The Great Beech,
Beech,///feast.commented.fact,,
Beech,///sulk.grace.keys,,
Beech,///vocally.awake.elections,Ancient beech,
Beech,///chairing.geek.tides,Copper beech,
Beech,///arch.inventors.sparkles,,
Beech,///wagers.restores.shipwreck,,
Beech,///breathy.described.pony,,
Beech,///flagged.frightens.clocked,,
Beech,///money.prefect.elephant,,
Beech,///aviation.throwaway.projects,,
Beech,///baguette.chips.battle,,
Beech,///total.shifts.shine,,
Beech,///include.fewest.segmented,,
Beech,///mostly.notch.overdrive,,
Beech,///tourist.published.dunk,,
Beech,///campers.reclusive.president,,
Beech,///panels.wakes.taps,,
Beech,///regulates.beaker.streetcar,,
Beech,///manliness.airliners.dodging,,
Beech,///behalf.tunes.signs,Beech giant polypore,
Beech,///taller.occur.pioneered,Fern leaf beech,
Beech,///coil.barks.thorax,,
Beech,///connected.talent.cover,,
Beech,///reconnect.crew.zeal,,
Beech,///grapevine.knees.workshop,,
Beech,///exhales.steers.flattery,,
Beech,///fabric.flat.spoils,,
Beech,///attending.teardrop.remover,,
Beech,///prevented.codes.remote,,
Beech,///swims.sunblock.variously,Weeping beech,
Beech,///with.manicured.picked,,
Beech,///knees.makeovers.minerals,,
Beech,///foremost.appraised.fists,,
Beech,///tugging.enjoyable.mild,,
Beech,///populate.solved.toads,,
Beech,///jumbo.dissolve.exists,,
Beech,///jots.bongo.truly,,
Beech,///pining.daunting.indulgent,,
Beech,///vouch.body.bugs,,
Beech,///including.fooling.camp,,
Beech,///pounds.spectacle.rush,,
Beech,///unable.disbelief.wants,,
Beech,///dustbin.fragments.testy,,
Beech,///cascaded.fortnight.stores,,
Beech,///freedom.custodian.kingdom,,
Beech,///thousands.contact.compiler,,
Beech,///remaking.define.coder,,
Beech,///ramp.crystal.generated,,
Beech,///clocked.flushes.broached,,
Beech,///spaceship.worker.jeeps,,
Beech,///boost.twisty.excellent,,
Beech,///belts.strikers.gathers,Robles beech,
Beech,///island.forgives.forms,,
Beech,///strut.museum.manly,,
Beech,///snake.amending.jigging,,
Beech,///renovated.laptops.owls,,
Beech,///bulk.smokers.winds,,
Beech,///symphonic.cosmetic.figs,,
Beech,///blurs.unique.campfires,,
Beech,///chemistry.airports.organisms,,
Beech,///appointed.spillage.axed,,
Beech,///glorified.flush.promote,Copper Beech - 1880,
Beech,///lectured.shelter.unit,,
Beech,///fists.pose.heeding,,
Beech,///shop.crowd.boil,,
Beech,///looked.quench.funded,,
Beech,///hogs.nature.thus,,
Beech,///patrol.sung.ground,,
Beech,///streamers.crowbar.kingdom,,
Beech,///sounds.saving.flashback,,
Beech,///javelin.sprinter.dent,,
Beech,///global.hostels.amphibian,,
Beech,///craftsmen.these.oatmeal,,
Beech,///reason.tiredness.checked,,
Beech,///signature.strut.basket,,
Beech,///coffee.atomic.tooth,,
Beech,///zeal.nurses.veal,,
Beech,///villa.blend.pets,,
Beech,///editor.dress.mouth,,
Beech,///gaps.twice.funds,,
Beech,///cling.risen.note,,
Beech,///cats.blog.shares,,
Beech,///cafe.chew.drag,,
Beech,///given.miss.stray,,
Birch,///speeded.digests.blossom,,
Birch,///month.strapped.obscuring,,
Birch,///daring.punctual.blanks,,
Birch,///typed.swam.procured,,
Birch,///binder.prefect.passage,,
Birch,///shifters.wolf.cowering,,
Birch,///fooling.fishery.forgives,,
Birch,///flagpole.status.climate,,
Birch,///chief.oppose.pinks,Paper Birch,
Birch,///honest.bibs.pile,,
Birch,///kitten.lunging.budgeted,,
Birch,///league.jolly.screen,,
Birch,///regaining.discrepancy.aced,,
Birch,///behalf.shun.cycles,,
Birch,///leaps.decay.paddocks,,
Birch,///speaker.riverside.detonated,,
Birch,///marbles.flipper.micro,,
Birch,///joggers.absorbing.bakers,Cherry birch,
Birch,///winning.bucks.weeds,Cherry brich,
Birch,///quilting.collects.among,,
Black locust,///dozed.fears.claims,,
Black locust,///crawling.uppermost.finely,,
Black Poplar,///lights.coast.normal,,
Bloodwood,///variances.flukes.storybook,Bloodwood Vic falls,
Boabab,///storeroom.blackouts.swooning,,
Boabab,///starburst.chamber.hobble,,
Boabab,///temptations.dodges.digressions,,
Boabab,///solicitor.lilies.freely,,
Boabab,///stone.restrains.underpaid,,
Boerbean,///toddler.polar.strayed,,
Boerbean,///incited.forearm.gravitates,,
Box,///blackouts.writers.however,,
Box,///token.contain.downs,,
Box,///somewhere.splendid.dodges,,
Cedar,///trouser.boomers.neckline,,
Cedar,///lift.cases.transit,,
Cedar,///loudly.thus.glare,Western Red Cedae,
Cedar,///comforted.buying.dragonfly,Atlas cedar,
Cedar of Lebanon,///evolution.agrees.ritual,,
Cedar of Lebanon,///guideline.hotspots.appendix,,
Cedar of Lebanon,///depth.games.walked,Holly in Cedar,
Cedar of Lebanon,///lift.cases.transit,,
Cedar of Lebanon,///stow.shell.metro,,
Cedar of Lebanon,///setting.crabmeat.brightens,,
Cedar of Lebanon,///arrive.provoking.paints,,
Cedar of Lebanon,///archives.saddens.particulars,,
Cedar of Lebanon,///scuba.trend.crazy,,
Ceiba,///dozed.birds.this,,
Cherry,///fence.votes.insect,Cherry,
Cherry,///storyline.emotional.over,,
Cherry,///palettes.shoppers.stow,,
Cherry,///slides.viewer.topping,,
Cherry,///improving.swept.prone,Ying Tao Cherry,
Cherry,///brambles.noted.deflect,,
Cherry,///pass.dips.raves,,
Cherry,///taker.talent.awake,,
Cherry,///flush.racked.hockey,,
Cherry,///brain.worry.signal,,
Cherry,///fallen.stick.secret,,
Cherry,///rental.pots.occupy,,
Cherry,///prompting.plants.offer,,
Cherry,///pokers.sparks.grass,,
Cherry,///trips.inches.statue,,
Cherry,///takes.daily.reap,,
Cherry,///combos.long.dried,Sargents,
Cherry,///openings.bind.flippers,Tibetan,
Cherry,///offstage.tour.slope,,
Cherry,///seating.votes.unafraid,,
Cherry,///blogging.pronouns.bedding,,
Cherry,///desiring.interest.awards,,
Cherry,///purified.cursing.widen,,
Cherry,///roofs.highly.assorted,,
Cherry,///flaked.apples.implanted,,
Cherry,///racing.supper.broken,,
Chestnut,///himself.doubt.shunted,Sweet Chesnut,
Chestnut,///cubic.language.link,,
Chestnut,///tuck.taxpayers.hippy,,
Chestnut,///crust.swooned.gala,Grandmother behind fence,
Chestnut,///questions.dragon.transit,,
Chestnut,///hits.firm.brave,,
Chestnut,///throat.romantics.renewals,,
Chestnut,///prowess.gossiping.trunk,,
Chestnut,///sculpting.locked.courage,,
Chestnut,///hasten.toothpick.district,,
Chestnut,///wades.forgiving.poet,,
Chestnut,///fonts.feasted.risky,,
Chestnut,///nightlife.gaps.shrugging,,
Chestnut,///basis.yield.together,,
Chestnut,///hourglass.into.deployed,,
Chestnut,///hunches.stretcher.angel,,
Chestnut,///probable.form.scoop,,
Chestnut,///gears.laminated.pose,,
Chestnut,///drums.salary.sponsors,,
Chestnut,///bubbles.chapters.tickling,,
Chestnut,///ignites.motoring.twig,,
Chestnut,///animates.rumbles.dozed,,
Chestnut,///myths.central.remaining,,
Chestnut,///avoid.unhappily.witty,,
Chestnut,///budgeted.poster.appear,,
Chestnut,///mega.escorting.smoker,,
Chestnut,///plotter.panthers.sunroof,,
Chestnut,///drags.walking.magnum,,
Chestnut,///sandwich.headings.importing,,
Chestnut,///removals.staple.jogged,,
Chestnut,///brew.cookie.prance,,
Chestnut,///fatigued.outnumber.flattens,,
Chestnut,///responses.tidal.messaging,,
Chestnut,///waistcoat.fattest.chief,Cotw chestnut,
Chestnut,///unsecured.inflame.perfumes,,
Chestnut,///peachy.innovate.pushy,,
Chestnut,///rooting.clicker.backward,,
Chestnut,///herb.dairy.cape,,
Chestnut,///spice.globe.solo,,
Chestnut,///tastings.sunshine.ramble,,
Chestnut,///trending.kind.certainly,,
Chestnut,///breeze.receive.spice,,
Chestnut,///desks.detective.achieving,,
Elder,///veal.recent.bandaged,,
Elm,///richest.survived.grunt,,
Elm,///person.flows.tides,Caucasian Elm,
Eth London,///adopt.gender.plants,,
Eucalyptus,///notch.player.electrode,Eucalyptus Gunnii Tasmania,
Eucalyptus,///toddler.coconuts.efficient,,
Fever,///bouncing.dazzling.creature,,
Fever,///sequence.ampersand.interfering,,
Fever,///stiffen.delicate.shiitakes,,
Fever,///shams.enforcing.struggle,Fever tree grove east gate airport,
Fig,///blindfold.grills.freed,,
Fig,///liners.troubles.streaking,,
Fig,///survived.grouping.sprinting,,
Fig,///swoop.defender.takers,,
Fig,///portside.unrelated.dissects,,
Fir,///include.renovated.outboard,Douglas Fir,
Fir,///booster.swept.node,Greek fir,
Fir,///spectacle.acute.sweat,Grand Fir,
Fir,///sweated.uttering.submitted,Grand Fir,
Ginkgo,///conjured.clay.splashes,,
Hawthorn,///smelter.bookmark.without,,
Hawthorn,///messaging.grins.pixies,,
Hawthorn,///kilt.numeral.care,,
Hawthorn,///flamingo.direct.trout,,
Hawthorn,///changed.hologram.random,,
Hawthorn,///ground.vanilla.trespass,,
Hawthorn,///saloons.slug.haystack,,
Hawthorn,///developed.projects.shared,,
Hawthorn,///small.spends.dives,,
Hawthorn,///touched.state.disengage,Glastonbury Thorn - Tree Cathedral,
Hawthorn,///notifying.napkins.recent,,
Hazel,///love.campfires.lodge,,
Hazel,///rift.bless.attending,,
Hazel,///variation.correct.walking,Turkish hazel,
Hazel,///ignore.forces.unloaded,,
Heritage Trees,///landed.jump.dots,,
Holly,///dizziness.bookmark.cashier,,
Holly,///depth.games.walked,Holly in Cedar,
Holly,///valued.unwell.goal,,
Holly,///clutter.stoops.waggled,,
Holly,///widest.twirls.instilled,,
Holly,///binder.awoke.puppets,,
Holly,///cargo.sandbags.upholds,,
Holly,///bashful.tailors.storybook,,
Holly,///groups.strike.skills,,
Holm Oak,///talents.lordship.restrict,Holm oak,
Holm Oak,///informal.shortens.fleet,,
Holm Oak,///bigger.miles.press,,
Holm Oak,///butterfly.ridiculed.liability,,
Hornbeam,///draw.arena.email,Hop hornbeam,
Hornbeam,///shunts.intruding.exporters,,
Hornbeam,///unloaded.lengthen.sheepish,,
Hornbeam,///recur.impulse.fractions,,
Hornbeam,///bleat.scrap.track,,
Hornbeam,///cornfield.cubs.driving,Monkey tail hornbeam,
Hornbeam,///coast.soaks.clay,,
Hornbeam,///talent.tile.volunteered,,
Horse chestnut,///coil.bribing.relaxing,,
Horse chestnut,///between.across.haunt,,
Horse chestnut,///keen.likes.estate,,
Horse chestnut,///survivor.croutons.radiating,,
Jackleberry,///grievous.bumble.soloist,,
Jackleberry,///retake.steam.rubbery,,
Jackleberry,///debaters.chittered.defiantly,Green dove,
Jackleberry,///airstrips.hooting.redirects,,
Japanese Mapple,///audiences.yardstick.translators,,
Juniper,///voicing.concussion.area,,
Larch,///commended.less.goggle,,
Larch,///clustered.likewise.screamed,,
Larch,///condition.arranged.private,,
Larch,///corkscrew.haven.lyrics,,
Larch,///knees.gets.directors,,
Larch,///hurry.weeknight.rummage,,
Leadwood,///detailed.blackout.dodo,,
Leadwood,///longstanding.unfeasible.homecoming,,
Leadwood,///dominated.diverging.unintentional,,
Leadwood,///swab.numerous.documentaries,,
Leadwood,///shelving.unbolt.toolbox,,
Like,///scooped.joins.formless,,
Like,///prowl.missions.constrain,,
Lime,///plantings.skews.nicer,,
Lime,///scooped.joins.formless,,
Lime,///smug.nappy.clotting,,
Lime,///imposes.convinces.subsets,,
Lime,///miles.elder.weekend,,
Lime,///mediate.fades.witty,,
Lime,///rezoning.eminent.budding,,
Lime,///warping.taxpayers.moisture,,
Lime,///fades.thickens.impressed,,
Lime,///clenching.grinders.escaping,,
Lime,///prowl.missions.constrain,,
Lime,///alongside.tank.sculpting,,
Lime,///tasters.peroxide.pods,,
Lime,///lines.dress.solid,,
Lime,///husky.push.joints,,
Linden,///mitigates.ladybug.respectfully,,
Linden,///fades.thickens.impressed,,
Linden,///clenching.grinders.escaping,,
Linden,///alongside.tank.sculpting,,
Linden,///tasters.peroxide.pods,,
Linden,///lines.dress.solid,,
Linder,///mitigates.ladybug.respectfully,,
Magnolia,///happily.slip.heaven,,
Magnolia,///soils.refuse.engine,,
Magnolia,///export.indoor.palm,,
Magnolia,///wings.bolt.flown,,
Magnolia,///billiard.bulb.strategy,,
Maple,///beanbag.bravery.bends,Norway Maple,
Marula,///syllabic.comment.nomad,,
Marula,///puppets.sires.redress,,
Marula,///amongst.gentleman.purring,,
Marula,///authentic.minibar.uninterested,,
Medlar,///anchorman.recently.sock,,
Monkey Puzzle,///chef.driver.normal,,
Mopani,///assumed.aground.mitigating,,
Mulberry,///snippet.stag.vows,,
Mulberry,///loosens.pods.blend,,
Mulberry,///rarely.frames.branch,,
Mulberry,///mushroom.documents.transmit,,
Mulberry,///knots.distorts.chops,,
Mulberry,///hurtles.unadjusted.spot,,
Mulberry,///gradually.freedom.january,,
Natal Mahogany,///inconvenience.villages.pleasantly,,
Nyala Berry,///condition.forefathers.fairground,,
Nyala Berry,///shaping.herding.banners,,
Nyala Berry,///fractures.tripped.sweepers,,
Oak,///falls.oath.bounty,,
Oak,///guards.soaks.eager,,
Oak,///growl.sands.cubed,Terrence the lotto oak,
Oak,///audit.lengthen.surcharge,Leo the lucky oak,
Oak,///take.majoring.awesome,,
Oak,///computer.lock.nametag,Nar way new road oak,
Oak,///duty.victory.overdrive,,
Oak,///blackbird.newsstand.puns,,
Oak,///maternal.adventure.ignites,,
Oak,///noun.seducing.sharp,,
Oak,///inspects.field.gurgling,,
Oak,///simulates.brink.boosted,,
Oak,///awards.prestige.cyber,,
Oak,///caressing.merchant.ditching,Owl oak,
Oak,///visions.smaller.headers,Bees?,
Oak,///plump.warthog.craters,Owl 2 Oak,
Oak,///ooze.idea.shadowed,,
Oak,///burst.zest.lurching,,
Oak,///windy.rucksack.sapping,,
Oak,///curving.royally.baker,,
Oak,///crunching.mankind.form,,
Oak,///developed.composer.corals,,
Oak,///finer.flame.brains,,
Oak,///crunching.interest.locals,,
Oak,///dodges.froth.orbited,Dear friend sir do sit,
Oak,///once.lock.opts,,
Oak,///noticing.rate.dried,,
Oak,///explains.demanding.whisker,,
Oak,///enthused.stunning.novelist,,
Oak,///advantage.capacity.removals,,
Oak,///sprinter.winemaker.home,Grand Nar Oak,
Oak,///windmill.asteroid.unloaded,,
Oak,///beakers.helm.inflame,,
Oak,///wheat.monkey.newsprint,,
Oak,///stung.poorly.glades,,
Oak,///detained.spurted.tree,,
Oak,///unloads.cement.behaving,,
Oak,///internal.hunk.poodle,,
Oak,///bands.dips.mining,,
Oak,///afterglow.apes.hiked,,
Oak,///darts.enjoys.clearcut,,
Oak,///acclaimed.magical.whips,,
Oak,///surfaces.tailed.cashiers,,
Oak,///mainland.loom.browser,,
Oak,///wheels.richer.noon,Cambridge Oak,
Oak,///childcare.cigar.purified,White Road Oak, Saversnake
Oak,///archive.following.lightbulb,,
Oak,///uses.social.nicer,,
Oak,///file.hires.quack,,
Oak,///fussed.attaching.boxer,,
Oak,///stroke.slower.policy,Cork oak Cambridge,
Oak,///manages.grudging.earlobes,Honey dew oak end of yew Avenue 2,
Oak,///onlookers.lifestyle.decently,Grandfather oak,
Oak,///super.skid.quibble,Tea party oak,
Oak,///decoding.path.glades,,
Oak,///dormant.hourglass.grounding,,
Oak,///settled.written.trudges,Grandfather,
Oak,///corporate.hobbies.rarely,,
Oak,///present.toasters.tanks,,
Oak,///tribes.cake.magma,,
Oak,///asking.gates.among,,
Oak,///bumping.soups.cuddling,,
Oak,///taped.wrist.local,,
Oak,///rebirth.vehicle.surprised,,
Oak,///merchant.chew.nightcap,,
Oak,///firepower.exhaling.dashes,,
Oak,///motor.notifying.custom,,
Oak,///binders.reconnect.talking,,
Oak,///haystack.yelled.blunt,,
Oak,///treat.dinner.expectant,,
Oak,///observers.port.regulate,,
Oak,///desks.perplexed.flown,,
Oak,///mess.shams.sandpaper,,
Oak,///punters.invisible.couches,,
Oak,///beak.loudness.soothing,Old Norwich road grandfather oak,
Oak,///skews.browsers.miracle,,
Oak,///crazy.wordplay.importers,,
Oak,///salsa.brotherly.brochure,Hen of the woods whole,
Oak,///haggling.units.cinemas,,
Oak,///harder.endings.newlywed,,
Oak,///take.blinking.highbrow,,
Oak,///trees.plugs.regal,,
Oak,///punters.scan.remind,,
Oak,///scaffold.fewest.tricycle,,
Oak,///yappy.unimpeded.onion,,
Oak,///cooking.petrified.crispier,,
Oak,///flatten.innocence.speaks,,
Oak,///port.users.develops,,
Oak,///jugs.firebird.catchers,,
Oak,///stocky.races.hobbyists,,
Oak,///woof.presides.crinkled,,
Oak,///woodstove.dormant.eternally,,
Oak,///rather.conducted.masterpiece,,
Oak,///sonic.parks.bunkers,,
Oak,///thrusters.shampoos.grew,,
Oak,///clasps.measures.ballooned,,
Oak,///informs.prickly.operating,,
Oak,///enjoyable.prepared.condense,,
Oak,///head.anthems.pleaser,,
Oak,///potential.applies.season,,
Oak,///monument.fatherly.important,,
Oak,///refers.park.fancy,Cork oak,
Oak,///mailboxes.mediate.duet,,
Oak,///suitable.convey.ranged,,
Oak,///wasp.wound.variously,,
Oak,///action.slurs.townhouse,,
Oak,///hammocks.conned.exhaled,Major oak,
Oak,///pies.placed.foal,,
Oak,///alone.conforms.parkland,,
Oak,///trial.proudest.grocers,,
Oak,///scrolled.butternut.runners,,
Oak,///framework.kipper.refrained,,
Oak,///rocker.shoebox.waistcoat,,
Oak,///dumplings.scarcely.innocence,,
Oak,///hillsides.mammals.investors,,
Oak,///fats.powering.version,,
Oak,///shut.testy.liberty,,
Oak,///alienated.spun.slipping,,
Oak,///zooms.postings.rocket,,
Oak,///gobblers.gradually.debit,Stag head oak,
Oak,///stint.indulges.varieties,,
Oak,///worthy.proudest.baseline,,
Oak,///jiggle.regulator.twig,,
Oak,///crank.crystal.month,,
Oak,///object.pronouns.file,,
Oak,///bits.trading.villager,,
Oak,///pylon.quantity.absorb,,
Oak,///bunny.stumble.cascaded,,
Oak,///recliner.bother.recap,,
Oak,///scale.clapper.refutes,,
Oak,///miracles.earphones.wimp,,
Oak,///prices.trickled.luck,,
Oak,///tries.bogus.shoulders,,
Oak,///reminds.warp.melt,,
Oak,///much.thrashed.passing,,
Oak,///forwarded.leaky.taking,,
Oak,///jumps.minivans.enough,,
Oak,///paramedic.copy.headings,,
Oak,///diary.slanting.strapped,,
Oak,///engrossed.shopping.depths,,
Oak,///measuring.premises.performed,,
Oak,///gambles.silly.travel,,
Oak,///binder.broadens.workbench,Bur parasol,
Oak,///rentals.refer.fabricate,,
Oak,///watch.canoe.toads,,
Oak,///aura.dignify.flattery,,
Oak,///signature.headboard.tiger,,
Oak,///labs.basic.tripods,,
Oak,///candle.tenses.hourglass,,
Oak,///crashing.useful.eventful,,
Oak,///seats.reinvest.every,,
Oak,///breed.clattered.player,,
Oak,///shuts.badly.estate,,
Oak,///goal.finger.blunt,,
Oak,///lawn.cubes.looked,,
Oak,///visual.ports.dream,,
Oak,///loans.hawks.balancing,,
Oak,///viewer.clap.pebbles,,
Oak,///blinking.lordship.fixated,,
Oak,///champions.widgets.easels,,
Oak,///oppose.reflector.porridge,,
Oak,///addicted.flow.series,,
Oak,///parting.successes.scream,,
Oak,///obstruct.unfilled.clap,,
Oak,///cavalier.attaching.carpets,,
Oak,///nudge.spreading.bashed,,
Oak,///purely.dentures.hiring,Hen 2024,
Oak,///passion.composes.checked,,
Oak,///campfires.basin.jugs,,
Oak,///roost.skies.happy,,
Oak,///represent.using.aura,Cork oak,
Oak,///excellent.insurers.clap,,
Oak,///squirted.crown.idealist,,
Oak,///conducted.driver.hydration,,
Oak,///shutting.zoom.fewer,,
Oak,///nods.utensil.petty,,
Oak,///cackling.fitter.sweeping,,
Oak,///continued.panther.testy,,
Oak,///showcases.renew.cuddling,,
Oak,///responds.strutted.flattens,,
Oak,///dwarf.detect.relating,,
Oak,///shadowed.terribly.evolution,,
Oak,///escapades.fevered.submits,,
Oak,///pranced.oaks.glider,,
Oak,///drags.neck.bravo,,
Oak,///thumbnail.impulsive.dime,,
Oak,///hotels.conquest.breeze,,
Oak,///motivator.youngest.ramble,,
Oak,///vampire.pulses.whirlwind,,
Oak,///crackled.drip.lace,,
Oak,///extra.certainty.routs,,
Oak,///indoor.briskly.treatable,Red oak,
Oak,///printout.begins.shining,,
Oak,///orbited.career.ideas,,
Oak,///commenced.ballroom.grants,,
Oak,///ironic.gone.shoelaces,,
Oak,///televise.force.urgent,,
Oak,///commutes.dial.short,,
Oak,///ruffle.evening.dreading,,
Oak,///imposes.followers.protrude,,
Oak,///broom.apparatus.tonight,,
Oak,///brightly.unframed.among,,
Oak,///possible.defectors.kickbacks,,
Oak,///stun.appealing.cross,,
Oak,///spooned.regularly.lined,,
Oak,///loops.hobby.thighs,Cow 29/8/25,
Oak,///shredder.worth.walled,,
Oak,///debit.enabling.endlessly,,
Oak,///talents.lordship.restrict,Holm oak,
Oak,///informal.shortens.fleet,,
Oak,///trembles.parting.sneezing,,
Oak,///moon.nicely.whirlpool,Oak stump cotw,
Oak,///powerful.ivory.excavated,,
Oak,///healers.visit.galloping,,
Oak,///bigger.miles.press,,
Oak,///stole.sorry.lanes,,
Oak,///gift.notion.wipes,,
Oak,///office.delay.beans,,
Oak,///races.agreed.given,,
Oak,///rewriting.joggers.boldest,,
Oak,///treatment.rocked.probe,,
Oak,///unfounded.pumps.quote,,
Oak,///truffles.originate.amended,,
Oak,///educated.shoebox.putts,,
Oak,///neckline.dandelions.hurricane,,
Oak,///wires.trooper.demotion,,
Oak,///alien.bother.diets,,
Oak,///examples.telephone.spearing,,
Oak,///sheds.boardroom.loafing,,
Oak,///uniforms.innovate.taxed,,
Oak,///compiler.points.warriors,,
Oak,///news.premises.thousands,,
Oak,///ownership.momentous.downward,,
Oak,///assure.clotting.performed,,
Oak,///factory.lays.promotion,,
Oak,///replays.impact.syndicate,,
Oak,///tidying.such.befitting,,
Oak,///arranger.dinner.prowl,,
Oak,///signified.surveyors.newlyweds,,
Oak,///continues.womanly.songs,,
Oak,///punctual.regulates.runners,Holm,
Oak,///butterfly.ridiculed.liability,,
Oak,///imprints.woof.pokes,,
Oak,///refilled.warms.sisters,,
Oak,///groups.strike.skills,,
Oak,///large.unrated.stray,,
Oak,///robe.plausible.jetting,,
Oak,///responds.reboot.woodstove,,
Olive,///peanut.parts.trips,,
Olive,///knowhow.acrobats.houseman,,
Olive,///butternut.promising.cherry,,
Olive,///political.scariest.aware,,
Olive,///snippets.someday.accustom,,
Olive,///managerial.dowries.whittle,,
Olive,///imagination.curdling.singers,,
Olive,///movies.humid.buck,,
Orange,///remote.hang.bookshelf,,
Pine,///toenail.simulator.oblige,,
Pine,///cloak.unheated.blitz,,
Pine,///holiday.emporium.relax,An Owl & A Pine Tree at a fork in the path,
Pine,///cardinal.quilting.blissful,,
Pine,///motel.heat.solid,Corsican Pine,
Pine,///twin.loaded.remark,Crimean Pine,
Pine,///violin.radar.settle,Bristle cone pine,
Pine,///appealed.dips.swimsuits,,
Pine,///patch.socket.steep,Shakespeare Trinity Pine,
Pine,///action.taken.scores,Crimean Pine,
Pine,///sweat.bill.format,Monterey Pine,
Pine,///chef.hazel.gently,,
Pine,///printers.lately.abundance,,
Pine,///pushed.issuer.importers,,
Pine,///liner.today.motoring,Fountain of the dead,
Pine,///cringe.yarn.blogging,,
Pine,///skylights.undertone.salad,,
Pine,///blissful.kindest.expansion,,
Pine,///signposts.sarong.outtake,,
Pine,///bleats.clinker.thorax,,
Pine,///history.convinces.permit,Bishops,
Pine,///arena.apron.truffles,Austrian pine,
Pine,///workouts.spreading.mistress,,
Pine,///mallets.many.teach,,
Pine,///stiff.negotiators.dimension,Western yellow pine,
Pine,///chestnuts.hood.newsstand,,
Plane,///scout.dignify.herring,,
Plane,///tiger.joined.after,,
Plane,///found.hill.think,,
Plane,///bearable.ticket.cropping,,
Plane,///cable.risky.drums,,
Plane,///libraries.wallet.songs,,
Plane,///cycles.petty.trimmer,,
Plane,///ranks.proud.tile,,
Plane,///feed.noting.farmer,,
Plane,///cheeks.motion.decent,,
Plane,///spare.wisdom.gather,,
Plane,///cared.shift.swept,,
Plane,///burst.woke.adding,,
Plane,///quick.part.farm,,
Plane,///leaps.vines.puts,,
Plane,///trail.rating.jacket,,
Plane,///loving.slurs.voters,,
Plane,///piper.guitar.pure,,
Plane,///petal.stress.fetch,,
Plane,///simply.sound.terms,,
Plane,///angle.shut.blog,,
Plane,///putty.much.uses,,
Plane,///wiped.plans.pilots,,
Plane,///swan.ruby.elite,,
Plane,///occurs.splice.spots,,
Plane,///factories.mass.fend,,
Plane,///fetch.error.heat,,
Plane,///kinks.cats.sleepy,,
Plane,///rods.wells.shaky,,
Plane,///mash.proud.type,,
Redwood,///rising.sparkles.quoted,,
Redwood,///slot.boost.tinsel,Dawn Redwood,
Redwood,///deflection.ranged.pages,,
Redwood,///shelf.years.cheese,,
Redwood,///strut.procures.lessening,,
Redwood,///flinch.crackles.legal,,
Redwood,///tarnished.clear.awake,,
Redwood,///bulk.galleries.grove,,
Redwood,///froth.outlined.defectors,,
Redwood,///golf.searches.nightcap,,
Redwood,///dishes.respected.submerge,,
Redwood,///premises.nuzzling.blurs,,
Redwood,///hawks.pizza.rice,,
Redwood,///premiums.madder.menswear,Dawn redwood,
Rock Fig,///portside.unrelated.dissects,,
Sausage Tree,///descended.entrust.accurate,,
Shepards Tree,///kicker.evermore.blesses,,
Sloe,///inform.scoots.flamingo,,
Snuff box,///charmed.disagree.interpreted,,
Sycamore,///silly.functions.sailor,,
Sycamore,///copying.speedy.buzzards,,
Sycamore,///forge.breakfast.umpires,,
Sycamore,///surviving.leader.organist,,
Sycamore,///labs.nibbled.scoop,,
Sycamore,///toads.activates.outsize,,
Sycamore,///march.riches.gender,,
Sycamore,///again.magically.barks,,
Sycamore,///startles.award.farmed,,
Sycamore,///impeached.adapt.credited,,
Sycamore,///ship.newspaper.calculating,,
Sycamore,///sushi.dorms.recorders,,
Sycamore,///purely.recovery.ghosts,,
Sycamore,///crunchy.contrived.frame,,
Sycamore,///homework.elder.chugging,,
Tamboti,///megabyte.moleskin.valet,Poisonous,
Tulip Tree,///weeds.knots.special,,
Walnut,///trees.radically.runways,,
Walnut,///seagulls.walled.crops,,
Walnut,///jets.airship.performed,,
Walnut,///turned.palms.symphonic,,
Wellingtonia,///dorms.change.corals,,
Wellingtonia,///fight.frown.aged,,
White willow,///string.deflate.quietest,,
Wild service tree,///tent.widen.blinking,First mapped wild service - Felix out of gas,
Willow,///fruits.acoustics.mimes,,
Willow,///hawks.ramble.requested,,
Willow,///princely.loom.denote,,
Willow,///people.variously.tech,,
Willow,///resonated.decisions.reset,Grandma Willow,
Willow,///define.look.focal,,
Willow,///rooms.takes.vibes,,
Willow,///drizzly.drags.fund,,
Willow,///explores.continues.orbited,,
Willow,///staked.sleepers.stardom,Spring Willow,
Willow,///priced.spell.ocean,,
Willow,///ties.thick.trade,,
Willow,///scout.theme.grows,,
Willow,///barefoot.remix.steadily,,
Willow,///resides.headset.exit,,
Willow,///codes.fonts.origins,,
Willow,///protects.combines.incurs,,
Willow,///engage.armrest.jabs,,
Willow,///courage.bikes.ozone,,
Willow,///pancake.novelists.magnum,,
Willow,///paying.landowner.career,,
Willow,///revealing.taller.rainfall,,
Willow,///sprinter.lyricism.hasten,,
Wisteria,///tunes.clouds.wizard,,
Wisteria,///test.crust.daily,,
Yew,///drawn.intervene.organs,,
Yew,///sings.fire.gifts,,
Yew,///grants.configure.uses,,
Yew,///notifying.overtones.hunk,,
Yew,///acclaimed.badminton.shot,,
Yew,///surprised.demanding.madness,,
Yew,///buzzing.capacity.suave,,
Yew,///trails.latter.motivator,,
Yew,///swoop.spelled.inner,,
Yew,///thrashing.decoded.mermaids,,
Yew,///presuming.breeding.someone,West Acre Yew Avenue,
Yew,///thousands.shatters.written,,
Yew,///start.bridges.challenge,,
Yew,///conga.goodnight.punchy,,
Yew,///kettles.eagles.printouts,,
Yew,///optimally.lump.fatherly,,
Yew,///crown.above.empty,,
Yew,///sounds.bags.trails,,
Yew,///liberated.emerald.regret,,
Yew,///swift.movie.leaves,,
Yew,///editor.drill.proud,,
Yew,///period.hound.dine,,
Yew,///vanilla.eyeful.fractions,,
Yew,///noble.human.organ,,
Yew,///magnetic.sigh.norms,,
Yew,///limitless.gala.thumps,,
Yew,///informs.vision.eternally,,
Yew,///bossy.fonts.crumbles,,
Yew,///lamppost.upgrading.trapdoor,,
Yew,///fillers.unimpeded.gather,,
Yew,///than.velocity.flitting,,
Yew,///rocked.swarm.parade,,
Yew,///disengage.assurance.quilt,,
Yew,///revamped.feasts.engaging,,
Yew,///obliging.helps.expand,,
Yew,///racing.nightcap.uses,,
Yew,///balancing.bonfires.sundial,,
Yew,///splash.petal.cared,,
Yew,///dollar.clocking.punctual,,
Yew,///tags.sizing.detective,,
Yew,///tested.altering.unspoiled,,
Yew,///ladder.handicaps.lion,,
Yew,///handle.loves.head,,
Yew,///cascade.circling.absorb,,
Yew,///generated.beams.televise,,
Yew,///wide.fruity.hairstyle,,
Yew,///massaging.plays.supplied,,
Yew,///linked.mend.vies,,
Yew,///trace.quilting.amicably,,
Yew,///tomcat.shopping.abstraction,,
Yew,///edits.below.commuted,,
Yew,///conceals.surely.presumes,,
Yew,///secrets.stood.applauded,,
Yew,///clumped.collects.occupiers,,
Yew,///scorched.revealing.owns,,
Yew,///ulterior.sprayer.cursing,,
Yew,///sofa.inspected.shackles,,
Yew,///makeovers.slacker.outermost,,
Yew,///dishing.jaundice.products,,
Yew,///strutted.vast.teams,,
Yew,///friday.wells.community,,
Yew,///valued.setting.richer,,
Yew,///markets.summit.panicking,,
Yew,///richer.panel.applauded,,
Yew,///ages.meanwhile.typist,,
Yew,///forgives.causes.improves,,
Yew,///failed.balancing.otter,,
Yew,///pixies.beside.unlimited,,
Yew,///evolving.tunnel.hedgehog,,
Yew,///research.increased.stem,,
Yew,///fell.rinse.prank,,
Yew,///scored.laces.elated,,
Yew,///deal.define.glows,,
Yew,///newspaper.words.warm,,
Yew,///relations.batches.cowboy,,
Yew,///operation.spot.twit,,
Yew,///clinic.sunflower.musically,,
Yew,///demoted.convinces.foot,,
Yew,///breakfast.somebody.formless,,
Yew,///tortoises.among.voters,,
Yew,///manifests.apple.fortified,,
Yew,///blazing.surprised.innovator,,
Yew,///stooping.shatters.elder,,
Yew,///jolt.shining.clusters,,
Yew,///fallback.beamed.joints,,
Yew,///doormat.surfer.twinkled,,
Yew,///lamp.simulator.mows,,
Yew,///life.dollar.forces,,
Yew,///manuals.backtrack.aunts,,
Yew,///starting.deriving.pace,,
Yew,///udder.rescue.furniture,,
Yew,///coach.sprawls.reference,,
Yew,///crescendo.spindles.employer,,
Yew,///carriage.molars.dispenser,,
Yew,///slang.escapades.slipped,,
Yew,///arrival.following.funnels,,
Yew,///pouch.gazette.blacken,,